{
  "n_records": 168,
  "n_scenarios": 1,
  "n_seeds": 1,
  "n_periods": 23,
  "ROI_mae_kf": 0.00198925436834562,
  "ROI_mae_persistence": 0.0019892543683467673,
  "ROI_rmse_kf": 0.002590546343247987,
  "ROI_rmse_persistence": 0.0025905463432499775,
  "ROI_bias_kf": 0.0007478080397457998,
  "ROI_bias_persistence": 0.0007478080397479272,
  "ROI_corr_kf_actual": 0.32954713877700237,
  "ROI_corr_persistence_actual": 0.3295471387766176,
  "ROI_wilcoxon_stat": 6931.0,
  "ROI_wilcoxon_pvalue": 0.381512440777018,
  "ROI_kf_better": false,
  "ROI_mae_relative_reduction": 5.768591476374841e-13,
  "risk_mae_kf": 0.023544423840000762,
  "risk_mae_persistence": 0.023544423840039127,
  "risk_rmse_kf": 0.02957557005838116,
  "risk_rmse_persistence": 0.029575570058438815,
  "risk_bias_kf": 0.023544423840000762,
  "risk_bias_persistence": 0.023544423840039127,
  "risk_corr_kf_actual": 0.6761640880435533,
  "risk_corr_persistence_actual": 0.676164088042393,
  "risk_wilcoxon_stat": 6930.5,
  "risk_wilcoxon_pvalue": 0.38178733781008234,
  "risk_kf_better": false,
  "risk_mae_relative_reduction": 1.629479007656163e-12
}