{
  "n_records": 69000,
  "n_periods": 30,
  "lambda_k_branches": {
    "kperiod_sum": 69000
  },
  "tip_n": 69000,
  "tip_mean": 0.4999758405797101,
  "tip_std": 0.015746473599354403,
  "tip_min": 0.434,
  "tip_max": 0.563,
  "tip_median": 0.5,
  "tip_fraction_saturated_45_55": 0.9985217391304347,
  "tip_fraction_saturated_48_52": 0.7838550724637681,
  "tip_entropy_nats": 2.320367384354732,
  "tip_ks_vs_uniform_stat": 0.4555217391304347,
  "tip_ks_vs_uniform_pvalue": 0.0,
  "tip_saturation_H0_REJECTED": false,
  "tip_entropy_above_1p5": true,
  "lambda_h_n": 69000,
  "lambda_h_mean": 0.0007157888308630155,
  "lambda_h_std": 0.0010021759083978954,
  "lambda_h_min": 0.0,
  "lambda_h_max": 0.0126055156616623,
  "lambda_h_median": 0.0003491603686797,
  "lambda_k_n": 69000,
  "lambda_k_mean": 0.0016586488608418372,
  "lambda_k_std": 0.002588570921676182,
  "lambda_k_min": 0.0,
  "lambda_k_max": 0.0095456889139866,
  "lambda_k_median": 0.0002408940821394,
  "lambda_n": 69000,
  "lambda_mean": 0.5000241594202899,
  "lambda_std": 0.015746473599354407,
  "lambda_min": 0.437,
  "lambda_max": 0.5660000000000001,
  "lambda_median": 0.5,
  "lambda_combined_per_period_cov_mean": 0.03147536473112854,
  "lambda_combined_per_period_cov_min": 0.030483774329643745,
  "lambda_combined_per_period_cov_max": 0.03282819035422144,
  "lambda_cov_above_0p2_fraction_periods": 0.0,
  "lambda_cov_H0_REJECTED": false
}