{
  "n_records": 2481,
  "n_scenarios": 2,
  "n_seeds": 5,
  "n_periods": 23,
  "ROI_mae_kf": 0.0028082883958465486,
  "ROI_mae_persistence": 0.002187977134915618,
  "ROI_rmse_kf": 0.0038277375404230933,
  "ROI_rmse_persistence": 0.00308887998565453,
  "ROI_bias_kf": 2.2573183841602297e-05,
  "ROI_bias_persistence": 0.0002363495851562135,
  "ROI_corr_kf_actual": 0.19285040653408597,
  "ROI_corr_persistence_actual": 0.18652875093818735,
  "ROI_wilcoxon_stat": 2240124.0,
  "ROI_wilcoxon_pvalue": 1.0,
  "ROI_kf_better": false,
  "ROI_mae_relative_reduction": -0.2835090234865977,
  "risk_mae_kf": 0.02911781510076836,
  "risk_mae_persistence": 0.022792180452909306,
  "risk_rmse_kf": 0.04391047930635518,
  "risk_rmse_persistence": 0.035071731792920446,
  "risk_bias_kf": 0.015499833002864411,
  "risk_bias_persistence": 0.01728781105683543,
  "risk_corr_kf_actual": 0.2991609040605444,
  "risk_corr_persistence_actual": 0.37109405143129226,
  "risk_wilcoxon_stat": 1752274.5,
  "risk_wilcoxon_pvalue": 0.9999999987680182,
  "risk_kf_better": false,
  "risk_mae_relative_reduction": -0.277535300360068
}