{
  "n_records": 41400,
  "n_periods": 30,
  "lambda_k_branches": {
    "kperiod_sum": 41400
  },
  "tip_n": 41400,
  "tip_mean": 0.50011,
  "tip_std": 0.015840902126875132,
  "tip_min": 0.434,
  "tip_max": 0.556,
  "tip_median": 0.5,
  "tip_fraction_saturated_45_55": 0.9980434782608696,
  "tip_fraction_saturated_48_52": 0.7834057971014493,
  "tip_entropy_nats": 2.369049273977064,
  "tip_ks_vs_uniform_stat": 0.4549227053140097,
  "tip_ks_vs_uniform_pvalue": 0.0,
  "tip_saturation_H0_REJECTED": false,
  "tip_entropy_above_1p5": true,
  "lambda_h_n": 41400,
  "lambda_h_mean": 0.0007244434905066745,
  "lambda_h_std": 0.0010280687641855653,
  "lambda_h_min": 0.0,
  "lambda_h_max": 0.0126055156616623,
  "lambda_h_median": 0.0003491603686797,
  "lambda_k_n": 41400,
  "lambda_k_mean": 1.6586386561433007e-05,
  "lambda_k_std": 5.0578882399340156e-05,
  "lambda_k_min": 5.6777212598113636e-08,
  "lambda_k_max": 0.0002418875848023,
  "lambda_k_median": 4.820200760757842e-07,
  "lambda_n": 41400,
  "lambda_mean": 0.49989,
  "lambda_std": 0.015840902126875132,
  "lambda_min": 0.4439999999999999,
  "lambda_max": 0.5660000000000001,
  "lambda_median": 0.5,
  "lambda_combined_per_period_cov_mean": 0.03166316962548983,
  "lambda_combined_per_period_cov_min": 0.030315949750226813,
  "lambda_combined_per_period_cov_max": 0.03293642247730033,
  "lambda_cov_above_0p2_fraction_periods": 0.0,
  "lambda_cov_H0_REJECTED": false
}