{
  "n_records": 2666,
  "n_scenarios": 2,
  "n_seeds": 5,
  "n_periods": 23,
  "per_seed": [
    {
      "n_periods": 23,
      "mean_innov_ROI": 0.0028479253661755047,
      "mean_innov_risk": 0.04849384172521194,
      "std_innov_ROI": 0.0027926518820949368,
      "std_innov_risk": 0.0505715453469375,
      "mean_abs_innov_ROI": 0.00402919380238109,
      "mean_abs_innov_risk": 0.07403765082864401,
      "lag1_autocorr_ROI": 0.15254337965891668,
      "lag1_autocorr_risk": 0.7654663109906101,
      "scenario": "ASMS_mHDM_K3_v2both",
      "seed": 1,
      "lag1_abs_ROI": 0.15254337965891668,
      "lag1_abs_risk": 0.7654663109906101,
      "verdict_ROI": "\ud83d\udfe2 WHITE",
      "verdict_risk": "\ud83d\udd34 MIS-TUNED"
    },
    {
      "n_periods": 23,
      "mean_innov_ROI": 0.002816817146187395,
      "mean_innov_risk": 0.026258221182284307,
      "std_innov_ROI": 0.0035923439699275883,
      "std_innov_risk": 0.04353496293387354,
      "mean_abs_innov_ROI": 0.003746374820043055,
      "mean_abs_innov_risk": 0.04119322321987716,
      "lag1_autocorr_ROI": -0.06652058882215879,
      "lag1_autocorr_risk": 0.5172120827176138,
      "scenario": "ASMS_mHDM_K3_v2both",
      "seed": 2,
      "lag1_abs_ROI": 0.06652058882215879,
      "lag1_abs_risk": 0.5172120827176138,
      "verdict_ROI": "\ud83d\udfe2 WHITE",
      "verdict_risk": "\ud83d\udfe1 MODERATE"
    },
    {
      "n_periods": 23,
      "mean_innov_ROI": -3.618075015472899e-05,
      "mean_innov_risk": -0.014354551972658414,
      "std_innov_ROI": 0.0023483274478799,
      "std_innov_risk": 0.019877422614472808,
      "mean_abs_innov_ROI": 0.0024196789701277487,
      "mean_abs_innov_risk": 0.022257710939096183,
      "lag1_autocorr_ROI": 0.2900983189942439,
      "lag1_autocorr_risk": 0.42014580613593466,
      "scenario": "ASMS_mHDM_K3_v2both",
      "seed": 3,
      "lag1_abs_ROI": 0.2900983189942439,
      "lag1_abs_risk": 0.42014580613593466,
      "verdict_ROI": "\ud83d\udfe2 WHITE",
      "verdict_risk": "\ud83d\udfe1 MODERATE"
    },
    {
      "n_periods": 23,
      "mean_innov_ROI": -1.6010528873302778e-05,
      "mean_innov_risk": -0.008588262921060196,
      "std_innov_ROI": 0.0023889825723283427,
      "std_innov_risk": 0.012165367578283952,
      "mean_abs_innov_ROI": 0.0025220281056408367,
      "mean_abs_innov_risk": 0.013958034704088747,
      "lag1_autocorr_ROI": 0.44646578347202576,
      "lag1_autocorr_risk": 0.21360282341055234,
      "scenario": "ASMS_mHDM_K3_v2both",
      "seed": 4,
      "lag1_abs_ROI": 0.44646578347202576,
      "lag1_abs_risk": 0.21360282341055234,
      "verdict_ROI": "\ud83d\udfe1 MODERATE",
      "verdict_risk": "\ud83d\udfe2 WHITE"
    },
    {
      "n_periods": 23,
      "mean_innov_ROI": -0.000752018600237992,
      "mean_innov_risk": -0.01567564455959839,
      "std_innov_ROI": 0.0019456327922299477,
      "std_innov_risk": 0.012735349097349866,
      "mean_abs_innov_ROI": 0.0018115705182214204,
      "mean_abs_innov_risk": 0.018951029418946334,
      "lag1_autocorr_ROI": 0.025416521282269813,
      "lag1_autocorr_risk": 0.5499445614405398,
      "scenario": "ASMS_mHDM_K3_v2both",
      "seed": 5,
      "lag1_abs_ROI": 0.025416521282269813,
      "lag1_abs_risk": 0.5499445614405398,
      "verdict_ROI": "\ud83d\udfe2 WHITE",
      "verdict_risk": "\ud83d\udfe1 MODERATE"
    },
    {
      "n_periods": 23,
      "mean_innov_ROI": 0.002108914258592723,
      "mean_innov_risk": 0.015236378418888025,
      "std_innov_ROI": 0.0035341945617512753,
      "std_innov_risk": 0.05019059084149296,
      "mean_abs_innov_ROI": 0.0038160715450262198,
      "mean_abs_innov_risk": 0.04879964262767652,
      "lag1_autocorr_ROI": 0.5108178305278106,
      "lag1_autocorr_risk": 0.8319978666180029,
      "scenario": "SMS_RDM_K0",
      "seed": 1,
      "lag1_abs_ROI": 0.5108178305278106,
      "lag1_abs_risk": 0.8319978666180029,
      "verdict_ROI": "\ud83d\udfe1 MODERATE",
      "verdict_risk": "\ud83d\udd34 MIS-TUNED"
    },
    {
      "n_periods": 23,
      "mean_innov_ROI": 0.00892147346067362,
      "mean_innov_risk": 0.10858139834554058,
      "std_innov_ROI": 0.004279164946880093,
      "std_innov_risk": 0.0601467712277168,
      "mean_abs_innov_ROI": 0.009803045892576428,
      "mean_abs_innov_risk": 0.12490888608916705,
      "lag1_autocorr_ROI": 0.15040917716760574,
      "lag1_autocorr_risk": 0.4963520116875809,
      "scenario": "SMS_RDM_K0",
      "seed": 2,
      "lag1_abs_ROI": 0.15040917716760574,
      "lag1_abs_risk": 0.4963520116875809,
      "verdict_ROI": "\ud83d\udfe2 WHITE",
      "verdict_risk": "\ud83d\udfe1 MODERATE"
    },
    {
      "n_periods": 23,
      "mean_innov_ROI": -0.0062307509977556136,
      "mean_innov_risk": -0.0843429971958762,
      "std_innov_ROI": 0.0021407217641745196,
      "std_innov_risk": 0.009111974527381184,
      "mean_abs_innov_ROI": 0.006419902972348799,
      "mean_abs_innov_risk": 0.08511291143193526,
      "lag1_autocorr_ROI": -0.07002188209831373,
      "lag1_autocorr_risk": -0.06318666513595263,
      "scenario": "SMS_RDM_K0",
      "seed": 3,
      "lag1_abs_ROI": 0.07002188209831373,
      "lag1_abs_risk": 0.06318666513595263,
      "verdict_ROI": "\ud83d\udfe2 WHITE",
      "verdict_risk": "\ud83d\udfe2 WHITE"
    },
    {
      "n_periods": 23,
      "mean_innov_ROI": 0.00025567692045397924,
      "mean_innov_risk": -0.008266116294446664,
      "std_innov_ROI": 0.0024267472375806122,
      "std_innov_risk": 0.04187754341584788,
      "mean_abs_innov_ROI": 0.0021301417488457128,
      "mean_abs_innov_risk": 0.03713172756548209,
      "lag1_autocorr_ROI": 0.22590223926762637,
      "lag1_autocorr_risk": 0.6359873776746442,
      "scenario": "SMS_RDM_K0",
      "seed": 4,
      "lag1_abs_ROI": 0.22590223926762637,
      "lag1_abs_risk": 0.6359873776746442,
      "verdict_ROI": "\ud83d\udfe2 WHITE",
      "verdict_risk": "\ud83d\udd34 MIS-TUNED"
    },
    {
      "n_periods": 23,
      "mean_innov_ROI": 0.0026081838430301383,
      "mean_innov_risk": 0.04411716581034124,
      "std_innov_ROI": 0.0064376374531219275,
      "std_innov_risk": 0.10195877000397167,
      "mean_abs_innov_ROI": 0.006718561574256917,
      "mean_abs_innov_risk": 0.11085567429863458,
      "lag1_autocorr_ROI": 0.6280968700102861,
      "lag1_autocorr_risk": 0.7884441868551647,
      "scenario": "SMS_RDM_K0",
      "seed": 5,
      "lag1_abs_ROI": 0.6280968700102861,
      "lag1_abs_risk": 0.7884441868551647,
      "verdict_ROI": "\ud83d\udd34 MIS-TUNED",
      "verdict_risk": "\ud83d\udd34 MIS-TUNED"
    }
  ],
  "agg_ASMS_mHDM_K3_v2both": {
    "n_seeds": 5,
    "mean_lag1_autocorr_ROI": 0.1696006829170595,
    "mean_lag1_autocorr_risk": 0.4932743169390502,
    "mean_|lag1|_ROI": 0.19620891844592298,
    "mean_|lag1|_risk": 0.4932743169390502,
    "mean_innov_bias_ROI": 0.000972106526619375,
    "mean_innov_bias_risk": 0.007226720690835851,
    "mean_std_innov_ROI": 0.002613587732892143,
    "mean_std_innov_risk": 0.027776929514183535
  },
  "agg_SMS_RDM_K0": {
    "n_seeds": 5,
    "mean_lag1_autocorr_ROI": 0.289040846975003,
    "mean_lag1_autocorr_risk": 0.537918955539888,
    "mean_|lag1|_ROI": 0.3170495998143285,
    "mean_|lag1|_risk": 0.5631936215942691,
    "mean_innov_bias_ROI": 0.0015326994969989695,
    "mean_innov_bias_risk": 0.015065165816889398,
    "mean_std_innov_ROI": 0.0037636931927016856,
    "mean_std_innov_risk": 0.05265713000328211
  }
}