{
  "n_records": 69000,
  "n_periods": 30,
  "lambda_k_branches": {
    "kperiod_sum": 69000
  },
  "tip_n": 69000,
  "tip_mean": 0.5000866666666667,
  "tip_std": 0.015838716887961762,
  "tip_min": 0.434,
  "tip_max": 0.563,
  "tip_median": 0.5,
  "tip_fraction_saturated_45_55": 0.997927536231884,
  "tip_fraction_saturated_48_52": 0.7831884057971015,
  "tip_entropy_nats": 2.3272137903151924,
  "tip_ks_vs_uniform_stat": 0.455,
  "tip_ks_vs_uniform_pvalue": 0.0,
  "tip_saturation_H0_REJECTED": false,
  "tip_entropy_above_1p5": true,
  "lambda_h_n": 69000,
  "lambda_h_mean": 0.0007242306074183113,
  "lambda_h_std": 0.0010284417003941508,
  "lambda_h_min": 0.0,
  "lambda_h_max": 0.0126055156616623,
  "lambda_h_median": 0.0003491603686797,
  "lambda_k_n": 69000,
  "lambda_k_mean": 2.1858096562910043e-06,
  "lambda_k_std": 2.211587828734863e-05,
  "lambda_k_min": 0.0,
  "lambda_k_max": 0.0002381644746485,
  "lambda_k_median": 0.0,
  "lambda_n": 69000,
  "lambda_mean": 0.49991333333333327,
  "lambda_std": 0.015838716887961766,
  "lambda_min": 0.437,
  "lambda_max": 0.5660000000000001,
  "lambda_median": 0.5,
  "lambda_combined_per_period_cov_mean": 0.031672588424690166,
  "lambda_combined_per_period_cov_min": 0.031107853916863753,
  "lambda_combined_per_period_cov_max": 0.03257924459872438,
  "lambda_cov_above_0p2_fraction_periods": 0.0,
  "lambda_cov_H0_REJECTED": false
}