{
  "n_records": 644,
  "n_scenarios": 2,
  "n_seeds": 2,
  "n_periods": 23,
  "ROI_mae_kf": 0.0019621486748722587,
  "ROI_mae_persistence": 0.0019647798274424174,
  "ROI_rmse_kf": 0.0024523719546072457,
  "ROI_rmse_persistence": 0.0024586545790282657,
  "ROI_bias_kf": 0.00045055107382126127,
  "ROI_bias_persistence": 0.00045781143874432014,
  "ROI_corr_kf_actual": 0.10810731013217381,
  "ROI_corr_persistence_actual": 0.10868737932654249,
  "ROI_wilcoxon_stat": 96048.0,
  "ROI_wilcoxon_pvalue": 0.04640110326462673,
  "ROI_kf_better": false,
  "ROI_mae_relative_reduction": 0.0013391589904420355,
  "risk_mae_kf": 0.01794775526545259,
  "risk_mae_persistence": 0.01805498629000601,
  "risk_rmse_kf": 0.020399020485663003,
  "risk_rmse_persistence": 0.020658904327561844,
  "risk_bias_kf": 0.01794775526545259,
  "risk_bias_persistence": 0.01805498629000601,
  "risk_corr_kf_actual": 0.19393658094927355,
  "risk_corr_persistence_actual": 0.1953675013035348,
  "risk_wilcoxon_stat": 109432.0,
  "risk_wilcoxon_pvalue": 0.8857802695066752,
  "risk_kf_better": false,
  "risk_mae_relative_reduction": 0.005939136304566277
}