{
  "n_records": 69000,
  "n_periods": 30,
  "lambda_k_branches": {
    "kperiod_sum": 69000
  },
  "tip_n": 69000,
  "tip_mean": 0.5001147246376813,
  "tip_std": 0.015744155501658634,
  "tip_min": 0.431,
  "tip_max": 0.564,
  "tip_median": 0.5,
  "tip_fraction_saturated_45_55": 0.9985942028985507,
  "tip_fraction_saturated_48_52": 0.7840144927536232,
  "tip_entropy_nats": 2.2837095396877602,
  "tip_ks_vs_uniform_stat": 0.4554492753623189,
  "tip_ks_vs_uniform_pvalue": 0.0,
  "tip_saturation_H0_REJECTED": false,
  "tip_entropy_above_1p5": true,
  "lambda_h_n": 69000,
  "lambda_h_mean": 0.000715614982703733,
  "lambda_h_std": 0.0010033529130777795,
  "lambda_h_min": 0.0,
  "lambda_h_max": 0.0137812800777593,
  "lambda_h_median": 0.0003491603686797,
  "lambda_k_n": 69000,
  "lambda_k_mean": 0.003003343135802012,
  "lambda_k_std": 0.004892205842171085,
  "lambda_k_min": 0.0,
  "lambda_k_max": 0.0153633357180053,
  "lambda_k_median": 0.0001639491624904,
  "lambda_n": 69000,
  "lambda_mean": 0.4550120738248721,
  "lambda_std": 0.04640951755433589,
  "lambda_min": 0.3128966675320396,
  "lambda_max": 0.5510988526682215,
  "lambda_median": 0.46630624241946905,
  "lambda_combined_per_period_cov_mean": 0.0989251826218245,
  "lambda_combined_per_period_cov_min": 0.03230922980046209,
  "lambda_combined_per_period_cov_max": 0.10986218914945092,
  "lambda_cov_above_0p2_fraction_periods": 0.0,
  "lambda_cov_H0_REJECTED": false
}