{
  "n_records": 583,
  "n_scenarios": 2,
  "n_seeds": 2,
  "n_periods": 23,
  "ROI_mae_kf": 0.001740160110966424,
  "ROI_mae_persistence": 0.001740247917848327,
  "ROI_rmse_kf": 0.002268587922496241,
  "ROI_rmse_persistence": 0.0022689809462133385,
  "ROI_bias_kf": 0.00032024299590408553,
  "ROI_bias_persistence": 0.0003204809379537518,
  "ROI_corr_kf_actual": -0.006885047685512709,
  "ROI_corr_persistence_actual": -0.006695975154625254,
  "ROI_wilcoxon_stat": 82769.5,
  "ROI_wilcoxon_pvalue": 0.2793660747742778,
  "ROI_kf_better": false,
  "ROI_mae_relative_reduction": 5.045653610757705e-05,
  "risk_mae_kf": 0.015180558306758537,
  "risk_mae_persistence": 0.015177769934136848,
  "risk_rmse_kf": 0.015866746517828417,
  "risk_rmse_persistence": 0.01586963201867028,
  "risk_bias_kf": 0.015180558306758537,
  "risk_bias_persistence": 0.015177769934136848,
  "risk_corr_kf_actual": 0.1214882168748538,
  "risk_corr_persistence_actual": 0.12309424983911268,
  "risk_wilcoxon_stat": 101026.0,
  "risk_wilcoxon_pvalue": 0.999962553117103,
  "risk_kf_better": false,
  "risk_mae_relative_reduction": -0.00018371425010319753
}