{
  "n_records": 27600,
  "n_periods": 30,
  "lambda_k_branches": {
    "kperiod_sum": 27600
  },
  "tip_n": 27600,
  "tip_mean": 0.5000501086956521,
  "tip_std": 0.015777069789653778,
  "tip_min": 0.435,
  "tip_max": 0.562,
  "tip_median": 0.5,
  "tip_fraction_saturated_45_55": 0.998731884057971,
  "tip_fraction_saturated_48_52": 0.782463768115942,
  "tip_entropy_nats": 2.3355933295882694,
  "tip_ks_vs_uniform_stat": 0.45532608695652166,
  "tip_ks_vs_uniform_pvalue": 0.0,
  "tip_saturation_H0_REJECTED": false,
  "tip_entropy_above_1p5": true,
  "lambda_h_n": 27600,
  "lambda_h_mean": 0.0007185821506811579,
  "lambda_h_std": 0.0010104967911149215,
  "lambda_h_min": 0.0,
  "lambda_h_max": 0.0122253446840531,
  "lambda_h_median": 0.0003491603686797,
  "lambda_k_n": 27600,
  "lambda_k_mean": 2.4168695674877124e-05,
  "lambda_k_std": 6.05168956053707e-05,
  "lambda_k_min": 1.141924161340846e-07,
  "lambda_k_max": 0.0002418875848023,
  "lambda_k_median": 7.183314377212646e-07,
  "lambda_n": 27600,
  "lambda_mean": 0.49994989130434786,
  "lambda_std": 0.01577706978965378,
  "lambda_min": 0.4379999999999999,
  "lambda_max": 0.565,
  "lambda_median": 0.5,
  "lambda_combined_per_period_cov_mean": 0.031521978543849326,
  "lambda_combined_per_period_cov_min": 0.030099187446051934,
  "lambda_combined_per_period_cov_max": 0.033469306431409246,
  "lambda_cov_above_0p2_fraction_periods": 0.0,
  "lambda_cov_H0_REJECTED": false
}