{
  "n_records": 1617,
  "n_scenarios": 2,
  "n_seeds": 3,
  "n_periods": 23,
  "ROI_mae_kf": 0.0038949435902560373,
  "ROI_mae_persistence": 0.0021093125016307507,
  "ROI_rmse_kf": 0.005147545433282023,
  "ROI_rmse_persistence": 0.0028847450874622993,
  "ROI_bias_kf": 0.0022258583464741044,
  "ROI_bias_persistence": 0.0003646712870015463,
  "ROI_corr_kf_actual": 0.0427257794044231,
  "ROI_corr_persistence_actual": 0.171974922881411,
  "ROI_wilcoxon_stat": 1064544.0,
  "ROI_wilcoxon_pvalue": 1.0,
  "ROI_kf_better": false,
  "ROI_mae_relative_reduction": -0.8465464871823308,
  "risk_mae_kf": 0.04486131228861659,
  "risk_mae_persistence": 0.02028711431283925,
  "risk_rmse_kf": 0.0664102877606789,
  "risk_rmse_persistence": 0.03241826525466432,
  "risk_bias_kf": 0.040371822044695777,
  "risk_bias_persistence": 0.01770423930954718,
  "risk_corr_kf_actual": 0.1690526426236824,
  "risk_corr_persistence_actual": 0.45070974275236714,
  "risk_wilcoxon_stat": 946194.0,
  "risk_wilcoxon_pvalue": 1.0,
  "risk_kf_better": false,
  "risk_mae_relative_reduction": -1.2113205257696456
}