{
  "n_records": 40,
  "scenarios": [
    "ASMS_mHDM_K3_v2both",
    "ASMS_mHDM_K3_v2both_pop30gen40",
    "SMS_RDM_K0",
    "SMS_RDM_K0_pop30gen40"
  ],
  "n_seeds_total": 10,
  "sources": [
    "run"
  ],
  "per_dataset": {
    "FTSE": {
      "n_seeds": 10,
      "seeds": [
        1,
        2,
        3,
        4,
        5,
        6,
        7,
        8,
        9,
        10
      ],
      "asms_mean": 0.00046579630000000003,
      "sms_mean": 0.0004333004,
      "delta_abs": 3.24959e-05,
      "delta_pct": 7.4996238175639816,
      "paired_t": 3.579957044445613,
      "paired_p": 0.00593115061019229,
      "wilcoxon_stat": 3.0,
      "wilcoxon_p": 0.009765625,
      "ss_alg": 5.279917584050014e-09,
      "ss_seed": 1.2357488462049979e-08,
      "ss_resid": 3.7077805484499954e-09,
      "ss_total": 2.1345186594549988e-08,
      "ms_alg": 5.279917584050014e-09,
      "ms_seed": 1.3730542735611088e-09,
      "ms_resid": 4.119756164944439e-10,
      "f_alg": 12.81609244007581,
      "p_alg_anova": 0.005931150610192115,
      "partial_eta2_alg": 0.5874604939119553,
      "icc_seed": 0.5384103999719325,
      "sigma2_alg": 4.86794196755557e-10,
      "sigma2_seed": 4.805393285333325e-10,
      "sigma2_resid": 4.119756164944439e-10,
      "sigma2_total": 1.3793091417833333e-09,
      "alg_var_fraction": 0.3529261004724235,
      "seed_var_fraction": 0.34839131705604054,
      "resid_var_fraction": 0.29868258247153595
    },
    "FTSE_pop30gen40": {
      "n_seeds": 10,
      "seeds": [
        1,
        2,
        3,
        4,
        5,
        6,
        7,
        8,
        9,
        10
      ],
      "asms_mean": 0.0004957046,
      "sms_mean": 0.00045521470000000003,
      "delta_abs": 4.0489899999999987e-05,
      "delta_pct": 8.894682003898376,
      "paired_t": 2.831615815737878,
      "paired_p": 0.01967046262269613,
      "wilcoxon_stat": 5.0,
      "wilcoxon_p": 0.01953125,
      "ss_alg": 8.197160010049992e-09,
      "ss_seed": 1.1500692319050004e-08,
      "ss_resid": 9.201047301449999e-09,
      "ss_total": 2.8898899630549994e-08,
      "ms_alg": 8.197160010049992e-09,
      "ms_seed": 1.277854702116667e-09,
      "ms_resid": 1.02233858905e-09,
      "f_alg": 8.018048127936888,
      "p_alg_anova": 0.019670462622695783,
      "partial_eta2_alg": 0.47114969164850534,
      "icc_seed": 0.11108462669111965,
      "sigma2_alg": 7.174821420999991e-10,
      "sigma2_seed": 1.2775805653333354e-10,
      "sigma2_resid": 1.02233858905e-09,
      "sigma2_total": 1.8675787876833327e-09,
      "alg_var_fraction": 0.38417771010882545,
      "seed_var_fraction": 0.06840838918063158,
      "resid_var_fraction": 0.5474139007105429
    }
  }
}