{
  "n_records": 1839,
  "n_scenarios": 2,
  "n_seeds": 5,
  "n_periods": 23,
  "ROI_mae_kf": 0.002181015580770455,
  "ROI_mae_persistence": 0.0021811130130247494,
  "ROI_rmse_kf": 0.0029132345356301854,
  "ROI_rmse_persistence": 0.0029132492267000426,
  "ROI_bias_kf": 0.0011072319254093713,
  "ROI_bias_persistence": 0.001107576536489779,
  "ROI_corr_kf_actual": 0.2808616482844976,
  "ROI_corr_persistence_actual": 0.2810488632269853,
  "ROI_wilcoxon_stat": 845933.5,
  "ROI_wilcoxon_pvalue": 0.4998688993721951,
  "ROI_kf_better": false,
  "ROI_mae_relative_reduction": 4.4670887621464195e-05,
  "risk_mae_kf": 0.02671129621301858,
  "risk_mae_persistence": 0.026716528593710914,
  "risk_rmse_kf": 0.03594983749002537,
  "risk_rmse_persistence": 0.035957355200868964,
  "risk_bias_kf": 0.02671129621301858,
  "risk_bias_persistence": 0.026716528593710914,
  "risk_corr_kf_actual": 0.5610393367548767,
  "risk_corr_persistence_actual": 0.5612232766559354,
  "risk_wilcoxon_stat": 846834.5,
  "risk_wilcoxon_pvalue": 0.5180018278857823,
  "risk_kf_better": false,
  "risk_mae_relative_reduction": 0.0001958480748716874
}