{
  "n_records": 27600,
  "n_periods": 30,
  "lambda_k_branches": {
    "kperiod_sum": 27600
  },
  "tip_n": 27600,
  "tip_mean": 0.49988739130434784,
  "tip_std": 0.015769903471915987,
  "tip_min": 0.443,
  "tip_max": 0.56,
  "tip_median": 0.5,
  "tip_fraction_saturated_45_55": 0.9985869565217391,
  "tip_fraction_saturated_48_52": 0.7817028985507246,
  "tip_entropy_nats": 2.411133686308851,
  "tip_ks_vs_uniform_stat": 0.45574637681159424,
  "tip_ks_vs_uniform_pvalue": 0.0,
  "tip_saturation_H0_REJECTED": false,
  "tip_entropy_above_1p5": true,
  "lambda_h_n": 27600,
  "lambda_h_mean": 0.0007179556010638456,
  "lambda_h_std": 0.0010032638325608613,
  "lambda_h_min": 0.0,
  "lambda_h_max": 0.0104124787779444,
  "lambda_h_median": 0.0003491603686797,
  "lambda_k_n": 27600,
  "lambda_k_mean": 2.4168695674877124e-05,
  "lambda_k_std": 6.05168956053707e-05,
  "lambda_k_min": 1.141924161340846e-07,
  "lambda_k_max": 0.0002418875848023,
  "lambda_k_median": 7.183314377212646e-07,
  "lambda_n": 27600,
  "lambda_mean": 0.5001126086956522,
  "lambda_std": 0.01576990347191599,
  "lambda_min": 0.4399999999999999,
  "lambda_max": 0.5569999999999999,
  "lambda_median": 0.5,
  "lambda_combined_per_period_cov_mean": 0.03149767974612125,
  "lambda_combined_per_period_cov_min": 0.03004755645800166,
  "lambda_combined_per_period_cov_max": 0.03289468381807451,
  "lambda_cov_above_0p2_fraction_periods": 0.0,
  "lambda_cov_H0_REJECTED": false
}