{
  "n_records": 2666,
  "n_scenarios": 2,
  "n_seeds": 5,
  "n_periods": 23,
  "ROI_mae_kf": 0.004066365441448169,
  "ROI_mae_persistence": 0.0025192136268332526,
  "ROI_rmse_kf": 0.005271453744649548,
  "ROI_rmse_persistence": 0.0034056457376856275,
  "ROI_bias_kf": -0.001339767425953547,
  "ROI_bias_persistence": -0.00035197320125987465,
  "ROI_corr_kf_actual": 0.24129616431773052,
  "ROI_corr_persistence_actual": 0.21920437738633586,
  "ROI_wilcoxon_stat": 3048437.0,
  "ROI_wilcoxon_pvalue": 1.0,
  "ROI_kf_better": false,
  "ROI_mae_relative_reduction": -0.614140777159794,
  "risk_mae_kf": 0.05482503344234622,
  "risk_mae_persistence": 0.030817714529465377,
  "risk_rmse_kf": 0.07090678812946163,
  "risk_rmse_persistence": 0.04294994625727055,
  "risk_bias_kf": -0.011400561330532232,
  "risk_bias_persistence": 0.0041701042287514475,
  "risk_corr_kf_actual": 0.2579992778536542,
  "risk_corr_persistence_actual": 0.3461063347324476,
  "risk_wilcoxon_stat": 3155958.0,
  "risk_wilcoxon_pvalue": 1.0,
  "risk_kf_better": false,
  "risk_mae_relative_reduction": -0.7790103607432344
}